{
    "plugin": {
        "id": "provider_video_discovery",
        "name": "DISCOVERY",
        "version": {
            "current": "0.1.0"
        },
        "requires": [{
            "cabernet": {
                "name": "cabernet",
                "version": "0.9.14.00"
            }
        }],
        "provider-name": "bkwsoft",
        "summary": "Provides Live TV Streams from the Discovery Networks.",
        "description": "Provides Live TV Streams from the Discovery Networks via TV Everywhere authentication.",
        "category": ["video"],
        "license": "MIT License, Copyright (C) 2025 BKWSOFT",
        "source": "https://github.com/bkwsoft/provider_video_discovery",
        "forum": "https://tvheadend.org/boards/5/topics/43052",
        "website": "https://go.discovery.com/",
        "icon": "resources/icon.png",
        "fanart": "resources/fanart.png",
        "dependencies": null
    }
}
